<?xml version="1.0" encoding="UTF-8"?>
<project-private xmlns="http://www.netbeans.org/ns/project-private/1">
    <editor-bookmarks xmlns="http://www.netbeans.org/ns/editor-bookmarks/2" lastBookmarkId="0"/>
    <open-files xmlns="http://www.netbeans.org/ns/projectui-open-files/2">
        <group>
            <file>file:/C:/Users/wit_w/OneDrive/Desktop/1-64/component%20base%20software%20development/git_component_hw/hw7/InheritanceORM/src/Menu/DatabaseControl.java</file>
            <file>file:/C:/Users/wit_w/OneDrive/Desktop/1-64/component%20base%20software%20development/git_component_hw/hw7/InheritanceORM/src/Menu/Remove.java</file>
            <file>file:/C:/Users/wit_w/OneDrive/Desktop/1-64/component%20base%20software%20development/git_component_hw/hw7/InheritanceORM/src/Menu/MainControl.java</file>
        </group>
    </open-files>
</project-private>
